INGENIERÍA ELÉCTRICA;2544
INGENIERIA ELECTRICA;2544
INGENIERÍA ELECTRÓNICA;2545
INGENIERIA ELECTRONICA;2545
INGENIERÍA INDUSTRIAL;2546
INGENIERIA INDUSTRIAL;2546
INGENIERÍA CIVIL;2542
INGENIERIA CIVIL;2542
INGENIERÍA MECÁNICA;2547
INGENIERIA MECANICA;2547
INGENIERÍA MECATRÓNICA;2548
INGENIERIA MECATRONICA;2548
INGENIERIA MECATRÓNICA;2548
INGENIERÍA QUÍMICA;2549
INGENIERIA QUIMICA;2549
INGENIERÍA AGRÍCOLA;2541
INGENIERIA AGRICOLA;2541
INGENIERÍA DE SISTEMAS Y COMPUTACIÓN;2879
INGENIERIA DE SISTEMAS Y COMPUTACION;2879
DOCTORADO EN INGENIERIA - INGENIERIA QUIMICA;2686
MAESTRIA EN INGENIERIA - INGENIERIA AMBIENTAL;2562
MAESTRÍA EN INGENIERÍA - INGENIERÍA AMBIENTAL;2562
MAESTRÍA EN INGENIERÍA - INGENIERÍA QUÍMICA;2704
MAESTRIA EN INGENIERIA - INGENIERIA QUIMICA;2704
DOCTORADO EN ESTUDIOS AMBIENTALES;2979
MAESTRIA EN INGENIERIA - MATERIALES Y PROCESOS;2710
MAESTRIA EN MATERIALES Y PROCESOS;2710
DOCTORADO EN INGENIERIA - CIENCIA Y TECNOLOGÍA DE MATERIALES;2682
MAESTRÍA EN INGENIERÍA - INGENIERÍA MECÁNICA;2709
MAESTRIA EN INGENIERIA - INGENIERIA MECANICA;2709
DOCTORADO EN INGENIERIA - INGENIERIA MECANICA Y MECATRONICA;2839
DOCTORADO EN INGENIERÍA - INGENIERÍA ELÉCTRICA;2685
DOCTORADO EN INGENIERIA - INGENIERIA ELECTRICA;2685
MAESTRIA EN INGENIERIA - AUTOMATIZACION INDUSTRIAL;2698
MAESTRÍA EN INGENIERÍA - AUTOMATIZACION INDUSTRIAL;2698
MAESTRÍA EN INGENIERÍA - INGENIERÍA ELÉCTRICA;2703
MAESTRIA EN INGENIERIA - INGENIERIA ELECTRICA;2703
ESPECIALIZACION EN ILUMINACION PUBLICA Y PRIVADA;2691
MAESTRÍA EN INGENIERÍA - INGENIERÍA ELECTRÓNICA;2865
ESPECIALIZACIÓN EN ESTRUCTURAS;2886
ESPECIALIZACION EN ESTRUCTURAS;2886
MAESTRÍA EN INGENIERÍA - ESTRUCTURAS;2699
MAESTRIA EN INGENIERIA - ESTRUCTURAS;2699
MAESTRIA EN INGENIERIA - GEOTECNIA;2700
MAESTRÍA EN INGENIERÍA - GEOTECNIA;2700
MAESTRÍA EN INGENIERÍA - RECURSOS HIDRÁULICOS;2705
MAESTRIA EN INGENIERIA - RECURSOS HIDRAULICOS;2705
MAESTRÍA EN INGENIERÍA - TRANSPORTE;2706
MAESTRIA EN INGENIERIA - TRANSPORTE;2706
DOCTORADO EN INGENIERÍA - INGENIERÍA CIVIL;2887
MAESTRÍA EN INGENIERÍA - INGENIERÍA DE BIOSISTEMAS;438
MAESTRIA EN INGENIERIA - INGENIERIA DE SISTEMAS Y COMPUTACIÓN;2702
MAESTRÍA EN INGENIERÍA - INGENIERÍA DE SISTEMAS Y COMPUTACIÓN;2702
MAESTRÍA EN INGENIERÍA - INGENIERÍA DE SISTEMAS;2702
MAESTRÍA EN INGENIERÍA - TELECOMUNICACIONES;2707
MAESTRÍA EN INGENIERÍA - INGENIERÍA INDUSTRIAL;2708
MAESTRIA EN INGENIERIA - INGENIERIA INDUSTRIAL;2708
DOCTORADO EN INGENIERIA - SISTEMAS Y COMPUTACION;2684
DOCTORADO EN INGENIERÍA - INDUSTRIA Y ORGANIZACIONES;2838
DOCTORADO EN INGENIERIA - INDUSTRIA Y ORGANIZACIONES;2838
MAESTRÍA EN BIOINFORMÁTICA;2882
ESPECIALIZACIÓN EN GOBIERNO ELECTRÓNICO;2896
ESPECIALIZACION EN GOBIERNO ELECTRONICO;2896
ESPECIALIZACION EN TRANSITO, DISEÑO Y SEGURIDAD VIAL;2696
MAESTRIA EN INGENIERIA - INGENIERIA AGRICOLA;2701
INGENIERIA AGRÍCOLA;2541
INGENIERIA ELECTRÓNICA;2545
MAESTRIA  EN INGENIERIA - ESTRUCTURAS;2699
MAESTRIA  EN INGENIERIA - RECURSOS HIDRÁULICOS;2705
MAESTRIA  EN INGENIERIA - INGENIERIA DE BIOSISTEMAS;992111
MAESTRIA  EN INGENIERIA - INGENIERIA ELECTRICA;2703
INGENIERIA AGRICOLA ACUERDO 033;2541
MAESTRIA EN BIOINFORMATICA;2882
ADMINISTRACION DE EMPRESAS ACUERDO 033;2520
INGENIERÍA DE SISTEMAS E INFORMÁTICA;2879
INGENIERIA QUIMICA - MANIZALES;3525
INGENIERÍA AGRONÓMICA;2505
No Aplica;0 
